"organization","role_summary","via_maitri_support","mode","location","compensation","gains","during_graduation","learnings","can_recommend_juniors"
"Times Now Navbharat ","Research Intern - I was working as a research intern in the team Headed by Sanjeev Saxena who was personal researcher of Navika Kumar ma'am - Times Network Editor in Chief 
My responsibility included helping in fact checking for the Prime Time show anchored by Navika Ma'am.","Yes","Offline","Times Now, Film City, Noida Sector 16 A","Pro bono","Experience and learning","No","1. Don't go for unpaid Internships - even if it is about public good, being paid is important for  professionalism. 
2. Please keep reminding your seniors about boundaries, they might have the authority to question and order but to a certain limit. ","Maybe - can try"
"Great Homestays of India ","Data entry operator ","Yes","Online","It was online ","Paid","Financial help, Experience and learning, Confidence","Yes","Gain experience, learning new thinks.","Yes"
"Ekam analytics ","My role was to analyse the data and mal in the excel correctly ","Yes","Online","No","Paid","Experience and learning","Yes","There's a lot to know more about insurance which we can't imagine.....and its a great opportunity where u experiences a lot ","Yes"
"Name of organization is Ekam analytics (catastrophic modeling)","During my internship, I worked on account-level data cleansing and coding. My responsibilities included standardizing address details, assigning accurate codes for construction, occupancy, secondary modefiers,and fire sprinkler systems based on descriptions, and validating data against available sources. I ensured quality and consistency before submitting the final cleansed accounts.","Yes","Online","No","Paid","Financial help, Experience and learning, Network, Confidence","Yes","1. Focus on accuracy and details: Even small errors in data (like address or coding) can impact the overall output, so always double-check your work.

2. Ask questions and collaborate with your team whenever needed.

3. Understand the logic behind the task: Don’t just follow instructions—try to understand why you are coding something in a certain way (e.g., occupancy or construction).
","Yes"
